Hour,DayOfWeek,Close_lag_1,Close_lag_2,Close_lag_3,rolling_mean_3,rolling_std_3
15,1,199.36500549316406,198.35000610351562,195.33999633789062,199.2366689046224,0.8299698330326261
